{
    "-3.141592653589793": {
        "quadrant": 9
    },
    "-2.738609611730091": {
        "quadrant": 8
    },
    "-2.117580035224942": {
        "quadrant": 7
    },
    "-1.570796326794896": {
        "quadrant": 6
    },
    "-0.859115770669695": {
        "quadrant": 5
    },
    "-0.530214125470693": {
        "quadrant": 4
    },
    "0.141592927009451": {
        "quadrant": 3
    },
    "1.160266880063625": {
        "quadrant": 2
    },
    "1.678389825293602": {
        "quadrant": 1
    },
    "2.4535804816169966": {
        "quadrant": 10
    }
}