{
    "-3.141592653589793": 8,
    "-2.738609611730091": 7,
    "-2.117580035224942": 6,
    "-1.570796326794896": 5,
    "-0.859115770669695": 4,
    "-0.530214125470693": 3,
    "0.141592927009451": 2,
    "1.160266880063625": 1,
    "1.678389825293602": 0,
    "2.4535804816169966": 9
}