{
    "-3.141592653589793": 9,
    "-2.738609611730091": 8,
    "-2.117580035224942": 7,
    "-1.570796326794896": 6,
    "-0.859115770669695": 5,
    "-0.530214125470693": 4,
    "0.141592927009451": 3,
    "1.160266880063625": 2,
    "1.678389825293602": 1,
    "2.4535804816169966": 10
}